Specimen,Skull_RostralLength,Skull_ZygomaticWidth,MeasureDate,MeasureBy,LGTHROW_U,LGTHROW_L,N_Total_Vertebrae,N_Cervical_Vetebrae,N_Thoracic_Vetebrae,N_Lumbar_Vetebrae,N_Caudal_Vetebrae,N_Ribs,N_DoubleHead,N_SingleHead,N_Chevron,N_Teeth_UpperL,N_Teeth_LowerL,N_Teeth_UpperR,N_Teeth_LowerR,EditDate,EditUser,RecordCreationDate
AXB0023,NA,NA,NA,NA,NA,NA,NA,7,16,21,36,NA,NA,NA,NA,NA,NA,NA,NA,2017-09-14 12:43:48.17,Susan.Chivers,2017-09-14 12:43:48.17
BDJ0009,NA,NA,NA,NA,NA,NA,NA,7,16,23,32,NA,NA,NA,NA,NA,NA,NA,NA,2017-09-14 12:43:48.173,Susan.Chivers,2017-09-14 12:43:48.173
BJD0006,NA,NA,NA,NA,NA,NA,75,NA,NA,NA,NA,14,NA,NA,NA,NA,NA,NA,NA,2017-09-14 12:43:48.177,Susan.Chivers,2017-09-14 12:43:48.177
BJD0017,NA,NA,NA,NA,NA,NA,75,NA,NA,NA,NA,14,NA,NA,NA,NA,NA,NA,NA,2017-09-14 12:43:48.18,Susan.Chivers,2017-09-14 12:43:48.18
BL 0003,NA,NA,NA,NA,NA,NA,NA,7,12,22,33,NA,NA,NA,NA,NA,NA,NA,NA,2017-09-14 12:43:48.183,Susan.Chivers,2017-09-14 12:43:48.183
BXR0017,50.7999992370605,20.1000003814697,NA,NA,24.5,23.5,NA,NA,13,14,32,NA,NA,NA,NA,NA,NA,NA,NA,2017-09-14 12:43:48.187,Susan.Chivers,2017-09-14 12:43:48.187
DAA0169,NA,NA,NA,NA,NA,NA,NA,7,16,20,38,NA,NA,NA,NA,NA,NA,NA,NA,2017-09-14 12:43:48.193,Susan.Chivers,2017-09-14 12:43:48.193
DAA0170,NA,NA,NA,NA,NA,NA,NA,7,15,17,35,NA,NA,NA,NA,NA,NA,NA,NA,2017-09-14 12:43:48.197,Susan.Chivers,2017-09-14 12:43:48.197
DBF0010,NA,NA,NA,NA,NA,NA,NA,7,16,16,34,NA,NA,NA,NA,NA,NA,NA,NA,2017-09-14 12:43:48.2,Susan.Chivers,2017-09-14 12:43:48.2
DBF0012,NA,NA,NA,NA,NA,NA,NA,7,17,17,32,NA,NA,NA,NA,NA,NA,NA,NA,2017-09-14 12:43:48.203,Susan.Chivers,2017-09-14 12:43:48.203
DBF0013,NA,NA,NA,NA,NA,NA,NA,7,16,16,35,NA,NA,NA,NA,NA,NA,NA,NA,2017-09-14 12:43:48.207,Susan.Chivers,2017-09-14 12:43:48.207
DBF0014,NA,NA,NA,NA,NA,NA,NA,7,16,19,38,NA,NA,NA,NA,NA,NA,NA,NA,2017-09-14 12:43:48.21,Susan.Chivers,2017-09-14 12:43:48.21
DBF0015,NA,NA,NA,NA,NA,NA,NA,7,16,19,36,NA,NA,NA,NA,NA,NA,NA,NA,2017-09-14 12:43:48.213,Susan.Chivers,2017-09-14 12:43:48.213
DBF0016,NA,NA,NA,NA,NA,NA,NA,7,15,19,NA,NA,NA,NA,NA,NA,NA,NA,NA,2017-09-14 12:43:48.22,Susan.Chivers,2017-09-14 12:43:48.22
DBF0017,NA,NA,NA,NA,NA,NA,NA,7,15,17,36,NA,NA,NA,NA,NA,NA,NA,NA,2017-09-14 12:43:48.223,Susan.Chivers,2017-09-14 12:43:48.223
DBF0018,NA,NA,NA,NA,NA,NA,NA,7,16,20,37,NA,NA,NA,NA,NA,NA,NA,NA,2017-09-14 12:43:48.227,Susan.Chivers,2017-09-14 12:43:48.227
DBF0019,NA,NA,NA,NA,NA,NA,NA,7,16,20,39,NA,NA,NA,NA,NA,NA,NA,NA,2017-09-14 12:43:48.23,Susan.Chivers,2017-09-14 12:43:48.23
DBF0020,NA,NA,NA,NA,NA,NA,NA,7,17,16,34,NA,NA,NA,NA,NA,NA,NA,NA,2017-09-14 12:43:48.233,Susan.Chivers,2017-09-14 12:43:48.233
DBF0021,NA,NA,NA,NA,NA,NA,NA,7,15,18,38,NA,NA,NA,NA,NA,NA,NA,NA,2017-09-14 12:43:48.237,Susan.Chivers,2017-09-14 12:43:48.237
DBF0022,NA,NA,NA,NA,NA,NA,NA,7,16,20,38,NA,NA,NA,NA,NA,NA,NA,NA,2017-09-14 12:43:48.24,Susan.Chivers,2017-09-14 12:43:48.24
DBF0023,NA,NA,NA,NA,NA,NA,NA,7,16,19,37,NA,NA,NA,NA,NA,NA,NA,NA,2017-09-14 12:43:48.247,Susan.Chivers,2017-09-14 12:43:48.247
DBF0024,NA,NA,NA,NA,NA,NA,NA,7,16,16,33,NA,NA,NA,NA,NA,NA,NA,NA,2017-09-14 12:43:48.25,Susan.Chivers,2017-09-14 12:43:48.25
DBF0025,NA,NA,NA,NA,NA,NA,NA,7,17,17,37,NA,NA,NA,NA,NA,NA,NA,NA,2017-09-14 12:43:48.253,Susan.Chivers,2017-09-14 12:43:48.253
DBF0026,NA,NA,NA,NA,NA,NA,NA,7,16,16,35,NA,NA,NA,NA,NA,NA,NA,NA,2017-09-14 12:43:48.257,Susan.Chivers,2017-09-14 12:43:48.257
DBF0027,NA,NA,NA,NA,NA,NA,NA,7,15,21,35,NA,NA,NA,NA,NA,NA,NA,NA,2017-09-14 12:43:48.26,Susan.Chivers,2017-09-14 12:43:48.26
DBF0028,NA,NA,NA,NA,NA,NA,NA,7,17,19,37,NA,NA,NA,NA,NA,NA,NA,NA,2017-09-14 12:43:48.267,Susan.Chivers,2017-09-14 12:43:48.267
DBF0029,NA,NA,NA,NA,NA,NA,NA,7,16,20,35,NA,NA,NA,NA,NA,NA,NA,NA,2017-09-14 12:43:48.27,Susan.Chivers,2017-09-14 12:43:48.27
DBF0030,NA,NA,NA,NA,NA,NA,NA,7,17,18,36,NA,NA,NA,NA,NA,NA,NA,NA,2017-09-14 12:43:48.273,Susan.Chivers,2017-09-14 12:43:48.273
DBF0031,NA,NA,NA,NA,NA,NA,NA,7,16,17,35,NA,NA,NA,NA,NA,NA,NA,NA,2017-09-14 12:43:48.28,Susan.Chivers,2017-09-14 12:43:48.28
DBF0032,NA,NA,NA,NA,NA,NA,NA,7,16,21,35,NA,NA,NA,NA,NA,NA,NA,NA,2017-09-14 12:43:48.283,Susan.Chivers,2017-09-14 12:43:48.283
DBF0033,NA,NA,NA,NA,NA,NA,NA,7,15,20,37,NA,NA,NA,NA,NA,NA,NA,NA,2017-09-14 12:43:48.287,Susan.Chivers,2017-09-14 12:43:48.287
DBF0034,NA,NA,NA,NA,NA,NA,NA,7,16,18,38,NA,NA,NA,NA,NA,NA,NA,NA,2017-09-14 12:43:48.29,Susan.Chivers,2017-09-14 12:43:48.29
DBF0035,NA,NA,NA,NA,NA,NA,NA,7,16,16,38,NA,NA,NA,NA,NA,NA,NA,NA,2017-09-14 12:43:48.297,Susan.Chivers,2017-09-14 12:43:48.297
DBF0036,NA,NA,NA,NA,NA,NA,NA,7,16,18,33,NA,NA,NA,NA,NA,NA,NA,NA,2017-09-14 12:43:48.3,Susan.Chivers,2017-09-14 12:43:48.3
DBF0037,NA,NA,NA,NA,NA,NA,NA,7,17,18,37,NA,NA,NA,NA,NA,NA,NA,NA,2017-09-14 12:43:48.303,Susan.Chivers,2017-09-14 12:43:48.303
DBF0038,NA,NA,NA,NA,NA,NA,NA,7,16,17,34,NA,NA,NA,NA,NA,NA,NA,NA,2017-09-14 12:43:48.31,Susan.Chivers,2017-09-14 12:43:48.31
DBF0039,NA,NA,NA,NA,NA,NA,NA,7,17,20,34,NA,NA,NA,NA,NA,NA,NA,NA,2017-09-14 12:43:48.313,Susan.Chivers,2017-09-14 12:43:48.313
DBF0040,NA,NA,NA,NA,NA,NA,NA,7,15,17,34,NA,NA,NA,NA,NA,NA,NA,NA,2017-09-14 12:43:48.317,Susan.Chivers,2017-09-14 12:43:48.317
DBF0041,NA,NA,NA,NA,NA,NA,NA,7,16,19,38,NA,NA,NA,NA,NA,NA,NA,NA,2017-09-14 12:43:48.32,Susan.Chivers,2017-09-14 12:43:48.32
DBF0042,NA,NA,NA,NA,NA,NA,NA,7,17,17,35,NA,NA,NA,NA,NA,NA,NA,NA,2017-09-14 12:43:48.327,Susan.Chivers,2017-09-14 12:43:48.327
DBF0043,NA,NA,NA,NA,NA,NA,NA,7,16,16,35,NA,NA,NA,NA,NA,NA,NA,NA,2017-09-14 12:43:48.33,Susan.Chivers,2017-09-14 12:43:48.33
DFB0026,NA,NA,NA,NA,NA,NA,NA,7,16,16,35,NA,NA,NA,NA,NA,NA,NA,NA,2017-09-14 12:43:48.333,Susan.Chivers,2017-09-14 12:43:48.333
DJT0038,NA,NA,NA,NA,NA,NA,NA,7,15,19,38,NA,NA,NA,NA,NA,NA,NA,NA,2017-09-14 12:43:48.34,Susan.Chivers,2017-09-14 12:43:48.34
DJT0039,NA,NA,NA,NA,NA,NA,NA,7,17,18,37,NA,NA,NA,NA,NA,NA,NA,NA,2017-09-14 12:43:48.343,Susan.Chivers,2017-09-14 12:43:48.343
DJT0040,NA,NA,NA,NA,NA,NA,NA,7,16,20,37,NA,NA,NA,NA,NA,NA,NA,NA,2017-09-14 12:43:48.347,Susan.Chivers,2017-09-14 12:43:48.347
DJT0041,NA,NA,NA,NA,NA,NA,NA,NA,NA,19,37,NA,NA,NA,NA,NA,NA,NA,NA,2017-09-14 12:43:48.35,Susan.Chivers,2017-09-14 12:43:48.35
DJT0042,NA,NA,NA,NA,NA,NA,NA,7,16,18,38,NA,NA,NA,NA,NA,NA,NA,NA,2017-09-14 12:43:48.353,Susan.Chivers,2017-09-14 12:43:48.353
DJT0043,NA,NA,NA,NA,NA,NA,NA,7,17,20,36,NA,NA,NA,NA,NA,NA,NA,NA,2017-09-14 12:43:48.36,Susan.Chivers,2017-09-14 12:43:48.36
DJT0045,NA,NA,NA,NA,NA,NA,NA,7,16,19,37,NA,NA,NA,NA,NA,NA,NA,NA,2017-09-14 12:43:48.363,Susan.Chivers,2017-09-14 12:43:48.363
DJT0046,NA,NA,NA,NA,NA,NA,NA,7,17,17,37,NA,NA,NA,NA,NA,NA,NA,NA,2017-09-14 12:43:48.367,Susan.Chivers,2017-09-14 12:43:48.367
DJT0047,NA,NA,NA,NA,NA,NA,NA,7,17,19,34,NA,NA,NA,NA,NA,NA,NA,NA,2017-09-14 12:43:48.37,Susan.Chivers,2017-09-14 12:43:48.37
DRF0003,NA,NA,NA,NA,NA,NA,NA,7,15,21,34,NA,NA,NA,NA,NA,NA,NA,NA,2017-09-14 12:43:48.377,Susan.Chivers,2017-09-14 12:43:48.377
DRF0004,NA,NA,NA,NA,NA,NA,NA,7,16,19,36,NA,NA,NA,NA,NA,NA,NA,NA,2017-09-14 12:43:48.38,Susan.Chivers,2017-09-14 12:43:48.38
DRF0005,NA,NA,NA,NA,NA,NA,NA,7,16,20,35,NA,NA,NA,NA,NA,NA,NA,NA,2017-09-14 12:43:48.383,Susan.Chivers,2017-09-14 12:43:48.383
DRF0008,NA,NA,NA,NA,NA,NA,NA,7,15,20,39,NA,NA,NA,NA,NA,NA,NA,NA,2017-09-14 12:43:48.39,Susan.Chivers,2017-09-14 12:43:48.39
DSJ1763             ,30.2999992370605,18.7999992370605,2012-01-10,Michelle Berman, SBMNH                            ,NA,NA,NA,NA,NA,NA,NA,NA,NA,NA,NA,NA,NA,NA,NA,2017-09-14 12:51:21.227,Susan.Chivers,2017-09-14 12:51:21.227
DSJ1764             ,29,18.1000003814697,2012-01-10,Michelle Berman, SBMNH                            ,NA,NA,NA,NA,NA,NA,NA,NA,NA,NA,NA,NA,NA,NA,NA,2017-09-14 12:51:21.23,Susan.Chivers,2017-09-14 12:51:21.23
DSJ1792             ,26.3999996185303,16.3999996185303,2012-01-10,Michelle Berman, SBMNH                            ,NA,NA,NA,NA,NA,NA,NA,NA,NA,NA,NA,NA,NA,NA,NA,2017-09-14 12:51:21.237,Susan.Chivers,2017-09-14 12:51:21.237
DSJ1817             ,27.2999992370605,17.5,2012-01-10,Michelle Berman, SBMNH                            ,NA,NA,NA,NA,NA,NA,NA,NA,NA,NA,NA,NA,NA,NA,NA,2017-09-14 12:51:21.24,Susan.Chivers,2017-09-14 12:51:21.24
DSJ1836             ,29.1000003814697,18,2012-01-10,Michelle Berman, SBMNH                            ,NA,NA,NA,NA,NA,NA,NA,NA,NA,NA,NA,NA,NA,NA,NA,2017-09-14 12:51:21.247,Susan.Chivers,2017-09-14 12:51:21.243
DSJ1847             ,28.7999992370605,18.3999996185303,2012-04-17,Michelle Berman, SBMNH                            ,NA,NA,NA,NA,NA,NA,NA,NA,NA,NA,NA,NA,NA,NA,NA,2017-09-14 12:51:21.25,Susan.Chivers,2017-09-14 12:51:21.25
DSJ1850             ,31.2999992370605,18.6000003814697,2012-01-10,Michelle Berman, SBMNH                            ,NA,NA,NA,NA,NA,NA,NA,NA,NA,NA,NA,NA,NA,NA,NA,2017-09-14 12:51:21.257,Susan.Chivers,2017-09-14 12:51:21.253
DSJ1853             ,31.2999992370605,17.7999992370605,2012-01-10,Michelle Berman, SBMNH                            ,NA,NA,NA,NA,NA,NA,NA,NA,NA,NA,NA,NA,NA,NA,NA,2017-09-14 12:51:21.26,Susan.Chivers,2017-09-14 12:51:21.26
DSJ1854             ,29.1000003814697,18,2012-01-10,Michelle Berman, SBMNH                            ,NA,NA,NA,NA,NA,NA,NA,NA,NA,NA,NA,NA,NA,NA,NA,2017-09-14 12:51:21.267,Susan.Chivers,2017-09-14 12:51:21.263
DSJ1856             ,31,18.2999992370605,2012-01-10,Michelle Berman, SBMNH                            ,NA,NA,NA,NA,NA,NA,NA,NA,NA,NA,NA,NA,NA,NA,NA,2017-09-14 12:51:21.27,Susan.Chivers,2017-09-14 12:51:21.27
DSJ1861             ,29.7000007629395,19.2000007629395,2012-04-17,Michelle Berman, SBMNH                            ,NA,NA,NA,NA,NA,NA,NA,NA,NA,NA,NA,NA,NA,NA,NA,2017-09-14 12:51:21.273,Susan.Chivers,2017-09-14 12:51:21.273
DSJ1862             ,29,18.3999996185303,2012-04-17,Michelle Berman, SBMNH                            ,NA,NA,NA,NA,NA,NA,NA,NA,NA,NA,NA,NA,NA,NA,NA,2017-09-14 12:51:21.28,Susan.Chivers,2017-09-14 12:51:21.28
DSJ1864             ,31.8999996185303,19.6000003814697,2012-01-10,Michelle Berman, SBMNH                            ,NA,NA,NA,NA,NA,NA,NA,NA,NA,NA,NA,NA,NA,NA,NA,2017-09-14 12:51:21.287,Susan.Chivers,2017-09-14 12:51:21.283
DSJ1866             ,31.2999992370605,19.1000003814697,2012-01-10,Michelle Berman, SBMNH                            ,NA,NA,NA,NA,NA,NA,NA,NA,NA,NA,NA,NA,NA,NA,NA,2017-09-14 12:51:21.29,Susan.Chivers,2017-09-14 12:51:21.29
DSJ1880             ,29.2000007629395,17.7000007629395,2012-01-10,Michelle Berman, SBMNH                            ,NA,NA,NA,NA,NA,NA,NA,NA,NA,NA,NA,NA,NA,NA,NA,2017-09-14 12:51:21.297,Susan.Chivers,2017-09-14 12:51:21.297
DSJ1952             ,28.2999992370605,18.7000007629395,2012-04-17,Michelle Berman, SBMNH                            ,NA,NA,NA,NA,NA,NA,NA,NA,NA,NA,NA,NA,NA,NA,NA,2017-09-14 12:51:21.303,Susan.Chivers,2017-09-14 12:51:21.303
DSJ1953             ,30.1000003814697,19.2999992370605,2012-04-17,Michelle Berman, SBMNH                            ,NA,NA,NA,NA,NA,NA,NA,NA,NA,NA,NA,NA,NA,NA,NA,2017-09-14 12:51:21.31,Susan.Chivers,2017-09-14 12:51:21.307
DSJ1954             ,27.6000003814697,19.2000007629395,2012-04-17,Michelle Berman, SBMNH                            ,NA,NA,NA,NA,NA,NA,NA,NA,NA,NA,NA,NA,NA,NA,NA,2017-09-14 12:51:21.313,Susan.Chivers,2017-09-14 12:51:21.313
DSJ1955             ,19.6000003814697,14.6999998092651,2012-04-17,Michelle Berman, SBMNH                            ,NA,NA,NA,NA,NA,NA,NA,NA,NA,NA,NA,NA,NA,NA,NA,2017-09-14 12:51:21.32,Susan.Chivers,2017-09-14 12:51:21.32
DSJ1959             ,30,18.2999992370605,2012-01-10,Michelle Berman, SBMNH                            ,NA,NA,NA,NA,NA,NA,NA,NA,NA,NA,NA,NA,NA,NA,NA,2017-09-14 12:51:21.323,Susan.Chivers,2017-09-14 12:51:21.323
DSJ1961             ,30.7000007629395,19.6000003814697,2012-04-17,Michelle Berman, SBMNH                            ,NA,NA,NA,NA,NA,NA,NA,NA,NA,NA,NA,NA,NA,NA,NA,2017-09-14 12:51:21.33,Susan.Chivers,2017-09-14 12:51:21.33
DSJ1963             ,27.2999992370605,18,2012-04-17,Michelle Berman, SBMNH                            ,NA,NA,NA,NA,NA,NA,NA,NA,NA,NA,NA,NA,NA,NA,NA,2017-09-14 12:51:21.333,Susan.Chivers,2017-09-14 12:51:21.333
DSJ2006             ,27.3999996185303,18.1000003814697,2012-04-17,Michelle Berman, SBMNH                            ,NA,NA,NA,NA,NA,NA,NA,NA,NA,NA,NA,NA,NA,NA,NA,2017-09-14 12:51:21.34,Susan.Chivers,2017-09-14 12:51:21.34
DSJ2053             ,29.5,18.7999992370605,2012-01-10,Michelle Berman, SBMNH                            ,NA,NA,NA,NA,NA,NA,NA,NA,NA,NA,NA,NA,NA,NA,NA,2017-09-14 12:51:21.347,Susan.Chivers,2017-09-14 12:51:21.343
DSJ2054             ,28.5,18.7000007629395,2012-01-10,Michelle Berman, SBMNH                            ,NA,NA,NA,NA,NA,NA,NA,NA,NA,NA,NA,NA,NA,NA,NA,2017-09-14 12:51:21.35,Susan.Chivers,2017-09-14 12:51:21.35
DSJ2068             ,28,18.7999992370605,2012-04-17,Michelle Berman, SBMNH                            ,NA,NA,NA,NA,NA,NA,NA,NA,NA,NA,NA,NA,NA,NA,NA,2017-09-14 12:51:21.357,Susan.Chivers,2017-09-14 12:51:21.357
DSJ2069             ,27.2000007629395,19.2000007629395,2012-04-17,Michelle Berman, SBMNH                            ,NA,NA,NA,NA,NA,NA,NA,NA,NA,NA,NA,NA,NA,NA,NA,2017-09-14 12:51:21.36,Susan.Chivers,2017-09-14 12:51:21.36
DSJ2073             ,27.1000003814697,17.3999996185303,2012-04-17,Michelle Berman, SBMNH                            ,NA,NA,NA,NA,NA,NA,NA,NA,NA,NA,NA,NA,NA,NA,NA,2017-09-14 12:51:21.367,Susan.Chivers,2017-09-14 12:51:21.367
DSJ2076             ,30.2999992370605,19.3999996185303,2012-04-17,Michelle Berman, SBMNH                            ,NA,NA,NA,NA,NA,NA,NA,NA,NA,NA,NA,NA,NA,NA,NA,2017-09-14 12:51:21.37,Susan.Chivers,2017-09-14 12:51:21.37
DSJ2147             ,23.6000003814697,16.5,2012-04-17,Michelle Berman, SBMNH                            ,NA,NA,NA,NA,NA,NA,NA,NA,NA,NA,NA,NA,NA,NA,NA,2017-09-14 12:51:21.377,Susan.Chivers,2017-09-14 12:51:21.377
DSJ2149             ,26.8999996185303,18.2000007629395,2012-04-17,Michelle Berman, SBMNH                            ,NA,NA,NA,NA,NA,NA,NA,NA,NA,NA,NA,NA,NA,NA,NA,2017-09-14 12:51:21.38,Susan.Chivers,2017-09-14 12:51:21.38
DSJ2157             ,29,19.1000003814697,2012-04-17,Michelle Berman, SBMNH                            ,NA,NA,NA,NA,NA,NA,NA,NA,NA,NA,NA,NA,NA,NA,NA,2017-09-14 12:51:21.387,Susan.Chivers,2017-09-14 12:51:21.387
DSJ2163             ,30.5,18.8999996185303,2012-04-17,Michelle Berman, SBMNH                            ,NA,NA,NA,NA,NA,NA,NA,NA,NA,NA,NA,NA,NA,NA,NA,2017-09-14 12:51:21.39,Susan.Chivers,2017-09-14 12:51:21.39
DSJ2172             ,27.2000007629395,17,2012-04-17,Michelle Berman, SBMNH                            ,NA,NA,NA,NA,NA,NA,NA,NA,NA,NA,NA,NA,NA,NA,NA,2017-09-14 12:51:21.397,Susan.Chivers,2017-09-14 12:51:21.397
DSJ2184             ,29,18.5,2012-04-17,Michelle Berman, SBMNH                            ,NA,NA,NA,NA,NA,NA,NA,NA,NA,NA,NA,NA,NA,NA,NA,2017-09-14 12:51:21.4,Susan.Chivers,2017-09-14 12:51:21.4
GCF0001,NA,NA,NA,NA,NA,NA,NA,7,15,19,39,NA,NA,NA,NA,NA,NA,NA,NA,2017-09-14 12:43:48.393,Susan.Chivers,2017-09-14 12:43:48.393
GCF0002,NA,NA,NA,NA,NA,NA,NA,7,15,22,34,NA,NA,NA,NA,NA,NA,NA,NA,2017-09-14 12:43:48.397,Susan.Chivers,2017-09-14 12:43:48.397
GCF0006,NA,NA,NA,NA,NA,NA,NA,7,15,19,NA,NA,NA,NA,NA,NA,NA,NA,NA,2017-09-14 12:43:48.403,Susan.Chivers,2017-09-14 12:43:48.403
GCF0007,NA,NA,NA,NA,NA,NA,NA,NA,16,19,NA,NA,NA,NA,NA,NA,NA,NA,NA,2017-09-14 12:43:48.407,Susan.Chivers,2017-09-14 12:43:48.407
GCF0008,NA,NA,NA,NA,NA,NA,NA,7,16,18,38,NA,NA,NA,NA,NA,NA,NA,NA,2017-09-14 12:43:48.41,Susan.Chivers,2017-09-14 12:43:48.41
GCF0009,NA,NA,NA,NA,NA,NA,NA,7,19,17,38,NA,NA,NA,NA,NA,NA,NA,NA,2017-09-14 12:43:48.413,Susan.Chivers,2017-09-14 12:43:48.413
GCF0011,NA,NA,NA,NA,NA,NA,NA,NA,15,21,33,NA,NA,NA,NA,NA,NA,NA,NA,2017-09-14 12:43:48.42,Susan.Chivers,2017-09-14 12:43:48.42
GCF0012,NA,NA,NA,NA,NA,NA,NA,7,16,19,38,NA,NA,NA,NA,NA,NA,NA,NA,2017-09-14 12:43:48.423,Susan.Chivers,2017-09-14 12:43:48.423
GCF0013,NA,NA,NA,NA,NA,NA,NA,7,16,19,38,NA,NA,NA,NA,NA,NA,NA,NA,2017-09-14 12:43:48.427,Susan.Chivers,2017-09-14 12:43:48.427
HJB0001,NA,NA,NA,NA,NA,NA,NA,7,14,22,34,NA,NA,NA,NA,NA,NA,NA,NA,2017-09-14 12:43:48.43,Susan.Chivers,2017-09-14 12:43:48.43
HJB0004,NA,NA,NA,NA,NA,NA,NA,7,13,23,33,NA,NA,NA,NA,NA,NA,NA,NA,2017-09-14 12:43:48.437,Susan.Chivers,2017-09-14 12:43:48.437
HJB0008,NA,NA,NA,NA,NA,NA,NA,NA,14,NA,NA,NA,NA,NA,NA,NA,NA,NA,NA,2017-09-14 12:43:48.44,Susan.Chivers,2017-09-14 12:43:48.44
HJB0031             ,31.2000007629395,17.5,2011-10-04,Michelle Berman, SBMNH                            ,NA,NA,NA,NA,NA,NA,NA,NA,NA,NA,NA,NA,NA,NA,NA,2017-09-14 12:51:21.407,Susan.Chivers,2017-09-14 12:51:21.407
HJB0040,NA,NA,NA,NA,NA,NA,NA,7,13,16,17,NA,NA,NA,NA,NA,NA,NA,NA,2017-09-14 12:43:48.443,Susan.Chivers,2017-09-14 12:43:48.443
HJB0049             ,30.1000003814697,18.5,2011-10-04,Michelle Berman, SBMNH                            ,NA,NA,NA,NA,NA,NA,NA,NA,NA,NA,NA,NA,NA,NA,NA,2017-09-14 12:51:21.41,Susan.Chivers,2017-09-14 12:51:21.41
JBN0005,NA,NA,NA,NA,NA,NA,NA,7,16,20,37,NA,NA,NA,NA,NA,NA,NA,NA,2017-09-14 12:43:48.447,Susan.Chivers,2017-09-14 12:43:48.447
JEH0331             ,28.2999992370605,17.7000007629395,2012-01-10,Michelle Berman, SBMNH                            ,NA,NA,NA,NA,NA,NA,NA,NA,NA,NA,NA,NA,NA,NA,NA,2017-09-14 12:51:21.417,Susan.Chivers,2017-09-14 12:51:21.417
JEH0347             ,29.2999992370605,18,2012-01-10,Michelle Berman, SBMNH                            ,NA,NA,NA,NA,NA,NA,NA,NA,NA,NA,NA,NA,NA,NA,NA,2017-09-14 12:51:21.42,Susan.Chivers,2017-09-14 12:51:21.42
JEH0378             ,30,18.2999992370605,2012-01-10,Michelle Berman, SBMNH                            ,NA,NA,NA,NA,NA,NA,NA,NA,NA,NA,NA,NA,NA,NA,NA,2017-09-14 12:51:21.427,Susan.Chivers,2017-09-14 12:51:21.427
JEH0397             ,31.3999996185303,20.2999992370605,2012-01-10,Michelle Berman, SBMNH                            ,NA,NA,NA,NA,NA,NA,NA,NA,NA,NA,NA,NA,NA,NA,NA,2017-09-14 12:51:21.43,Susan.Chivers,2017-09-14 12:51:21.43
JEH0399             ,24.8999996185303,19.2999992370605,2012-01-10,Michelle Berman, SBMNH                            ,NA,NA,NA,NA,NA,NA,NA,NA,NA,NA,NA,NA,NA,NA,NA,2017-09-14 12:51:21.437,Susan.Chivers,2017-09-14 12:51:21.437
JEH0469             ,14.1000003814697,11,2012-01-10,Michelle Berman, SBMNH                            ,NA,NA,NA,NA,NA,NA,NA,NA,NA,NA,NA,NA,NA,NA,NA,2017-09-14 12:51:21.44,Susan.Chivers,2017-09-14 12:51:21.44
JEH0487             ,28,19,2012-01-10,Michelle Berman, SBMNH                            ,NA,NA,NA,NA,NA,NA,NA,NA,NA,NA,NA,NA,NA,NA,NA,2017-09-14 12:51:21.447,Susan.Chivers,2017-09-14 12:51:21.447
JEH0495             ,29.2000007629395,18.2999992370605,2012-01-10,Michelle Berman, SBMNH                            ,NA,NA,NA,NA,NA,NA,NA,NA,NA,NA,NA,NA,NA,NA,NA,2017-09-14 12:51:21.45,Susan.Chivers,2017-09-14 12:51:21.45
JEH0505             ,20.5,14.1999998092651,2012-01-10,Michelle Berman, SBMNH                            ,NA,NA,NA,NA,NA,NA,NA,NA,NA,NA,NA,NA,NA,NA,NA,2017-09-14 12:51:21.457,Susan.Chivers,2017-09-14 12:51:21.457
JEH0511             ,23,15.3999996185303,2012-01-10,Michelle Berman, SBMNH                            ,NA,NA,NA,NA,NA,NA,NA,NA,NA,NA,NA,NA,NA,NA,NA,2017-09-14 12:51:21.46,Susan.Chivers,2017-09-14 12:51:21.46
JEH0516             ,27.7999992370605,18.7000007629395,2012-04-17,Michelle Berman, SBMNH                            ,NA,NA,NA,NA,NA,NA,NA,NA,NA,NA,NA,NA,NA,NA,NA,2017-09-14 12:51:21.467,Susan.Chivers,2017-09-14 12:51:21.467
JEH1028             ,28,18.3999996185303,2012-01-10,Michelle Berman, SBMNH                            ,NA,NA,NA,NA,NA,NA,NA,NA,NA,NA,NA,NA,NA,NA,NA,2017-09-14 12:51:21.47,Susan.Chivers,2017-09-14 12:51:21.47
JEH1046             ,29.7999992370605,17.8999996185303,2012-01-10,Michelle Berman, SBMNH                            ,NA,NA,NA,NA,NA,NA,NA,NA,NA,NA,NA,NA,NA,NA,NA,2017-09-14 12:51:21.477,Susan.Chivers,2017-09-14 12:51:21.477
JEH1062             ,31.1000003814697,18.2000007629395,2012-01-10,Michelle Berman, SBMNH                            ,NA,NA,NA,NA,NA,NA,NA,NA,NA,NA,NA,NA,NA,NA,NA,2017-09-14 12:51:21.48,Susan.Chivers,2017-09-14 12:51:21.48
JHT0303,NA,NA,NA,NA,NA,NA,NA,7,15,20,36,NA,NA,NA,NA,NA,NA,NA,NA,2017-09-14 12:43:48.45,Susan.Chivers,2017-09-14 12:43:48.45
JKO0012,NA,NA,NA,NA,NA,NA,NA,7,14,20,36,NA,NA,NA,NA,NA,NA,NA,NA,2017-09-14 12:43:48.457,Susan.Chivers,2017-09-14 12:43:48.457
JKO0013,NA,NA,NA,NA,NA,NA,NA,NA,14,21,NA,NA,NA,NA,NA,NA,NA,NA,NA,2017-09-14 12:43:48.46,Susan.Chivers,2017-09-14 12:43:48.46
JOC0044,NA,NA,NA,NA,NA,NA,NA,NA,14,20,36,NA,NA,NA,NA,NA,NA,NA,NA,2017-09-14 12:43:48.463,Susan.Chivers,2017-09-14 12:43:48.463
JOC0045,NA,NA,NA,NA,NA,NA,NA,7,15,20,37,NA,NA,NA,NA,NA,NA,NA,NA,2017-09-14 12:43:48.47,Susan.Chivers,2017-09-14 12:43:48.467
JOC0063,NA,NA,NA,NA,NA,NA,NA,NA,16,21,NA,NA,NA,NA,NA,NA,NA,NA,NA,2017-09-14 12:43:48.473,Susan.Chivers,2017-09-14 12:43:48.473
JOH0014,NA,NA,NA,NA,NA,NA,NA,7,16,21,34,NA,NA,NA,NA,NA,NA,NA,NA,2017-09-14 12:43:48.477,Susan.Chivers,2017-09-14 12:43:48.477
JOP0003,NA,NA,NA,NA,NA,NA,NA,7,15,21,38,NA,NA,NA,NA,NA,NA,NA,NA,2017-09-14 12:43:48.48,Susan.Chivers,2017-09-14 12:43:48.48
JOP0033,NA,NA,NA,NA,NA,NA,NA,7,14,23,35,NA,NA,NA,NA,NA,NA,NA,NA,2017-09-14 12:43:48.483,Susan.Chivers,2017-09-14 12:43:48.483
JOZ0015,NA,NA,NA,NA,NA,NA,NA,7,17,20,NA,NA,NA,NA,NA,NA,NA,NA,NA,2017-09-14 12:43:48.49,Susan.Chivers,2017-09-14 12:43:48.49
JRE0016,NA,NA,NA,NA,NA,NA,NA,7,15,19,NA,NA,NA,NA,NA,NA,NA,NA,NA,2017-09-14 12:43:48.493,Susan.Chivers,2017-09-14 12:43:48.493
JRE0018,NA,NA,NA,NA,NA,NA,NA,7,15,20,NA,NA,NA,NA,NA,NA,NA,NA,NA,2017-09-14 12:43:48.497,Susan.Chivers,2017-09-14 12:43:48.497
JRH0009,NA,NA,NA,NA,NA,NA,NA,7,16,18,32,NA,NA,NA,NA,NA,NA,NA,NA,2017-09-14 12:43:48.5,Susan.Chivers,2017-09-14 12:43:48.5
JRH0010,NA,NA,NA,NA,NA,NA,NA,7,16,18,37,NA,NA,NA,NA,NA,NA,NA,NA,2017-09-14 12:43:48.507,Susan.Chivers,2017-09-14 12:43:48.507
JRH0011,NA,NA,NA,NA,NA,NA,NA,7,16,19,37,NA,NA,NA,NA,NA,NA,NA,NA,2017-09-14 12:43:48.51,Susan.Chivers,2017-09-14 12:43:48.51
JRH0012,NA,NA,NA,NA,NA,NA,NA,NA,16,20,23,NA,NA,NA,NA,NA,NA,NA,NA,2017-09-14 12:43:48.513,Susan.Chivers,2017-09-14 12:43:48.513
JRH0013,NA,NA,NA,NA,NA,NA,NA,7,17,15,34,NA,NA,NA,NA,NA,NA,NA,NA,2017-09-14 12:43:48.52,Susan.Chivers,2017-09-14 12:43:48.52
JRH0049,NA,NA,NA,NA,NA,NA,NA,7,15,21,21,NA,NA,NA,NA,NA,NA,NA,NA,2017-09-14 12:43:48.523,Susan.Chivers,2017-09-14 12:43:48.523
JRH0052,NA,NA,NA,NA,NA,NA,NA,7,11,11,21,NA,NA,NA,NA,NA,NA,NA,NA,2017-09-14 12:43:48.527,Susan.Chivers,2017-09-14 12:43:48.527
JRH0054,NA,NA,NA,NA,NA,NA,NA,7,13,22,34,NA,NA,NA,NA,NA,NA,NA,NA,2017-09-14 12:43:48.53,Susan.Chivers,2017-09-14 12:43:48.53
JRH0057,NA,NA,NA,NA,NA,NA,NA,7,13,15,21,NA,NA,NA,NA,NA,NA,NA,NA,2017-09-14 12:43:48.537,Susan.Chivers,2017-09-14 12:43:48.533
JRH0067,NA,NA,NA,NA,NA,NA,NA,7,13,15,13,NA,NA,NA,NA,NA,NA,NA,NA,2017-09-14 12:43:48.54,Susan.Chivers,2017-09-14 12:43:48.54
JRH0070,NA,NA,NA,NA,NA,NA,NA,7,13,19,16,NA,NA,NA,NA,NA,NA,NA,NA,2017-09-14 12:43:48.543,Susan.Chivers,2017-09-14 12:43:48.543
JRH0071,NA,NA,NA,NA,NA,NA,NA,7,15,20,24,NA,NA,NA,NA,NA,NA,NA,NA,2017-09-14 12:43:48.55,Susan.Chivers,2017-09-14 12:43:48.55
JRH0074,NA,NA,NA,NA,NA,NA,NA,7,15,20,21,NA,NA,NA,NA,NA,NA,NA,NA,2017-09-14 12:43:48.553,Susan.Chivers,2017-09-14 12:43:48.553
JRH0077,NA,NA,NA,NA,NA,NA,NA,7,13,16,20,NA,NA,NA,NA,NA,NA,NA,NA,2017-09-14 12:43:48.56,Susan.Chivers,2017-09-14 12:43:48.56
JRH0084,NA,NA,NA,NA,NA,NA,NA,7,14,15,28,NA,NA,NA,NA,NA,NA,NA,NA,2017-09-14 12:43:48.567,Susan.Chivers,2017-09-14 12:43:48.567
JRH0086,NA,NA,NA,NA,NA,NA,NA,7,11,14,17,NA,NA,NA,NA,NA,NA,NA,NA,2017-09-14 12:43:48.57,Susan.Chivers,2017-09-14 12:43:48.57
JRH0087,NA,NA,NA,NA,NA,NA,NA,7,10,9,20,NA,NA,NA,NA,NA,NA,NA,NA,2017-09-14 12:43:48.573,Susan.Chivers,2017-09-14 12:43:48.573
JRH0089,NA,NA,NA,NA,NA,NA,NA,7,11,15,NA,NA,NA,NA,NA,NA,NA,NA,NA,2017-09-14 12:43:48.58,Susan.Chivers,2017-09-14 12:43:48.58
JRH0094,NA,NA,NA,NA,NA,NA,NA,7,14,20,32,NA,NA,NA,NA,NA,NA,NA,NA,2017-09-14 12:43:48.583,Susan.Chivers,2017-09-14 12:43:48.583
JRH0095,NA,NA,NA,NA,NA,NA,NA,7,13,16,20,NA,NA,NA,NA,NA,NA,NA,NA,2017-09-14 12:43:48.587,Susan.Chivers,2017-09-14 12:43:48.587
JRH0098,NA,NA,NA,NA,NA,NA,NA,7,13,15,29,NA,NA,NA,NA,NA,NA,NA,NA,2017-09-14 12:43:48.59,Susan.Chivers,2017-09-14 12:43:48.59
JRH0128,NA,NA,NA,NA,NA,NA,NA,7,14,17,28,NA,NA,NA,NA,NA,NA,NA,NA,2017-09-14 12:43:48.597,Susan.Chivers,2017-09-14 12:43:48.593
JRH0141,NA,NA,NA,NA,NA,NA,NA,7,14,19,NA,NA,NA,NA,NA,NA,NA,NA,NA,2017-09-14 12:43:48.6,Susan.Chivers,2017-09-14 12:43:48.6
JRH0160,NA,NA,NA,NA,NA,NA,NA,7,15,29,NA,NA,NA,NA,NA,NA,NA,NA,NA,2017-09-14 12:43:48.603,Susan.Chivers,2017-09-14 12:43:48.603
JRH0263,NA,NA,NA,NA,NA,NA,NA,7,15,18,34,NA,NA,NA,NA,NA,NA,NA,NA,2017-09-14 12:43:48.607,Susan.Chivers,2017-09-14 12:43:48.607
JS 0077,NA,NA,NA,NA,NA,NA,NA,NA,15,21,NA,NA,NA,NA,NA,NA,NA,NA,NA,2017-09-14 12:43:48.61,Susan.Chivers,2017-09-14 12:43:48.61
JS 0078,NA,NA,NA,NA,NA,NA,NA,NA,15,20,NA,NA,NA,NA,NA,NA,NA,NA,NA,2017-09-14 12:43:48.617,Susan.Chivers,2017-09-14 12:43:48.617
JS 0079,NA,NA,NA,NA,NA,NA,NA,NA,15,21,NA,NA,NA,NA,NA,NA,NA,NA,NA,2017-09-14 12:43:48.62,Susan.Chivers,2017-09-14 12:43:48.62
JSW0040,NA,NA,NA,NA,NA,NA,NA,7,15,19,35,NA,NA,NA,NA,NA,NA,NA,NA,2017-09-14 12:43:48.623,Susan.Chivers,2017-09-14 12:43:48.623
KXD0029             ,28.6000003814697,18.5,2012-01-10,Michelle Berman, SBMNH                            ,NA,NA,NA,NA,NA,NA,NA,NA,NA,NA,NA,NA,NA,NA,NA,2017-09-14 12:51:21.487,Susan.Chivers,2017-09-14 12:51:21.487
KXD0038             ,28.6000003814697,19.5,2012-01-10,Michelle Berman, SBMNH                            ,NA,NA,NA,NA,NA,NA,NA,NA,NA,NA,NA,NA,NA,NA,NA,2017-09-14 12:51:21.49,Susan.Chivers,2017-09-14 12:51:21.49
KXD0041             ,23.3999996185303,18.2000007629395,2012-04-17,Michelle Berman, SBMNH                            ,NA,NA,NA,NA,NA,NA,NA,NA,NA,NA,NA,NA,NA,NA,NA,2017-09-14 12:51:21.497,Susan.Chivers,2017-09-14 12:51:21.497
KXD0045             ,29,18.3999996185303,2012-01-10,Michelle Berman, SBMNH                            ,NA,NA,NA,NA,NA,NA,NA,NA,NA,NA,NA,NA,NA,NA,NA,2017-09-14 12:51:21.5,Susan.Chivers,2017-09-14 12:51:21.5
KXD0046             ,23.7999992370605,18,2012-04-17,Michelle Berman, SBMNH                            ,NA,NA,NA,NA,NA,NA,NA,NA,NA,NA,NA,NA,NA,NA,NA,2017-09-14 12:51:21.507,Susan.Chivers,2017-09-14 12:51:21.507
KXD0054             ,23.1000003814697,18.6000003814697,2012-01-10,Michelle Berman, SBMNH                            ,NA,NA,NA,NA,NA,NA,NA,NA,NA,NA,NA,NA,NA,NA,NA,2017-09-14 12:51:21.51,Susan.Chivers,2017-09-14 12:51:21.51
KXD0055             ,30.2999992370605,19.2999992370605,2012-01-10,Michelle Berman, SBMNH                            ,NA,NA,NA,NA,NA,NA,NA,NA,NA,NA,NA,NA,NA,NA,NA,2017-09-14 12:51:21.517,Susan.Chivers,2017-09-14 12:51:21.517
KXD0058             ,27.1000003814697,17.5,2012-01-10,Michelle Berman, SBMNH                            ,NA,NA,NA,NA,NA,NA,NA,NA,NA,NA,NA,NA,NA,NA,NA,2017-09-14 12:51:21.52,Susan.Chivers,2017-09-14 12:51:21.52
KXD0066             ,27.7999992370605,18.5,2012-01-10,Michelle Berman, SBMNH                            ,NA,NA,NA,NA,NA,NA,NA,NA,NA,NA,NA,NA,NA,NA,NA,2017-09-14 12:51:21.527,Susan.Chivers,2017-09-14 12:51:21.527
KXD0067             ,23.8999996185303,18.5,2012-01-10,Michelle Berman, SBMNH                            ,NA,NA,NA,NA,NA,NA,NA,NA,NA,NA,NA,NA,NA,NA,NA,2017-09-14 12:51:21.53,Susan.Chivers,2017-09-14 12:51:21.53
KXD0073             ,24.1000003814697,18.3999996185303,2012-04-17,Michelle Berman, SBMNH                            ,NA,NA,NA,NA,NA,NA,NA,NA,NA,NA,NA,NA,NA,NA,NA,2017-09-14 12:51:21.537,Susan.Chivers,2017-09-14 12:51:21.537
KXD0077             ,29.2000007629395,18.2000007629395,2012-01-10,Michelle Berman, SBMNH                            ,NA,NA,NA,NA,NA,NA,NA,NA,NA,NA,NA,NA,NA,NA,NA,2017-09-14 12:51:21.54,Susan.Chivers,2017-09-14 12:51:21.54
KXD0083             ,32,19.1000003814697,2011-10-04,Michelle Berman, SBMNH                            ,NA,NA,NA,NA,NA,NA,NA,NA,NA,NA,NA,NA,NA,NA,NA,2017-09-14 12:51:21.547,Susan.Chivers,2017-09-14 12:51:21.547
KXD0090             ,22,17.2999992370605,2012-01-10,Michelle Berman, SBMNH                            ,NA,NA,NA,NA,NA,NA,NA,NA,NA,NA,NA,NA,NA,NA,NA,2017-09-14 12:51:21.55,Susan.Chivers,2017-09-14 12:51:21.55
KXD0096             ,26.3999996185303,18.3999996185303,2012-01-10,Michelle Berman, SBMNH                            ,NA,NA,NA,NA,NA,NA,NA,NA,NA,NA,NA,NA,NA,NA,NA,2017-09-14 12:51:21.557,Susan.Chivers,2017-09-14 12:51:21.557
KXD0102             ,30.7000007629395,18.5,2011-10-04,Michelle Berman, SBMNH                            ,NA,NA,NA,NA,NA,NA,NA,NA,NA,NA,NA,NA,NA,NA,NA,2017-09-14 12:51:21.56,Susan.Chivers,2017-09-14 12:51:21.56
KXD0110             ,30.8999996185303,20,2011-10-04,Michelle Berman, SBMNH                            ,NA,NA,NA,NA,NA,NA,NA,NA,NA,NA,NA,NA,NA,NA,NA,2017-09-14 12:51:21.567,Susan.Chivers,2017-09-14 12:51:21.567
KZP0001             ,23.8999996185303,18.1000003814697,2011-10-04,Michelle Berman, SBMNH                            ,NA,NA,NA,NA,NA,NA,NA,NA,NA,NA,NA,NA,NA,NA,NA,2017-09-14 12:51:21.57,Susan.Chivers,2017-09-14 12:51:21.57
KZP0002             ,24.7999992370605,18.8999996185303,2011-10-04,Michelle Berman, SBMNH                            ,NA,NA,NA,NA,NA,NA,NA,NA,NA,NA,NA,NA,NA,NA,NA,2017-09-14 12:51:21.577,Susan.Chivers,2017-09-14 12:51:21.577
KZP0007             ,27.7000007629395,17.7999992370605,2011-10-04,Michelle Berman, SBMNH                            ,NA,NA,NA,NA,NA,NA,NA,NA,NA,NA,NA,NA,NA,NA,NA,2017-09-14 12:51:21.583,Susan.Chivers,2017-09-14 12:51:21.58
KZP0014             ,25.1000003814697,18.2000007629395,2011-10-04,Michelle Berman, SBMNH                            ,NA,NA,NA,NA,NA,NA,NA,NA,NA,NA,NA,NA,NA,NA,NA,2017-09-14 12:51:21.587,Susan.Chivers,2017-09-14 12:51:21.587
KZP0057             ,21,14.3999996185303,2011-10-04,Michelle Berman, SBMNH                            ,NA,NA,NA,NA,NA,NA,NA,NA,NA,NA,NA,NA,NA,NA,NA,2017-09-14 12:51:21.59,Susan.Chivers,2017-09-14 12:51:21.59
KZP0063             ,27.6000003814697,18.5,2011-10-04,Michelle Berman, SBMNH                            ,NA,NA,NA,NA,NA,NA,NA,NA,NA,NA,NA,NA,NA,NA,NA,2017-09-14 12:51:21.597,Susan.Chivers,2017-09-14 12:51:21.597
KZP0064             ,30.6000003814697,18.7000007629395,2012-01-10,Michelle Berman, SBMNH                            ,NA,NA,NA,NA,NA,NA,NA,NA,NA,NA,NA,NA,NA,NA,NA,2017-09-14 12:51:21.6,Susan.Chivers,2017-09-14 12:51:21.6
KZP0090             ,27,18.2000007629395,2012-01-10,Michelle Berman, SBMNH                            ,NA,NA,NA,NA,NA,NA,NA,NA,NA,NA,NA,NA,NA,NA,NA,2017-09-14 12:51:21.607,Susan.Chivers,2017-09-14 12:51:21.607
LACM096361          ,27.5,17.6000003814697,2012-04-17,Michelle Berman, SBMNH                            ,NA,NA,NA,NA,NA,NA,NA,NA,NA,NA,NA,NA,NA,NA,NA,2017-09-14 12:51:21.61,Susan.Chivers,2017-09-14 12:51:21.61
LGP0151,NA,NA,NA,NA,NA,NA,NA,7,15,24,34,NA,NA,NA,NA,NA,NA,NA,NA,2017-09-14 12:43:48.63,Susan.Chivers,2017-09-14 12:43:48.63
LJH0012,NA,NA,NA,NA,NA,NA,NA,7,13,23,30,NA,NA,NA,NA,NA,NA,NA,NA,2017-09-14 12:43:48.633,Susan.Chivers,2017-09-14 12:43:48.633
LJH0121,30.1000003814697,17.2000007629395,2011-10-04,Michelle Berman, SBMNH                            ,NA,NA,NA,7,14,22,36,14,NA,NA,NA,NA,NA,NA,NA,2017-09-14 12:49:35.153,Susan.Chivers,2017-09-14 12:43:48.637
LJH0129,143,71,NA,NA,NA,NA,NA,NA,NA,NA,NA,NA,NA,NA,NA,NA,NA,NA,NA,2017-09-14 12:43:48.64,Susan.Chivers,2017-09-14 12:43:48.64
LLR0001,NA,NA,NA,NA,NA,NA,NA,7,16,22,34,NA,NA,NA,NA,NA,NA,NA,NA,2017-09-14 12:43:48.647,Susan.Chivers,2017-09-14 12:43:48.647
LLR0002,NA,NA,NA,NA,NA,NA,NA,7,16,19,36,NA,NA,NA,NA,NA,NA,NA,NA,2017-09-14 12:43:48.65,Susan.Chivers,2017-09-14 12:43:48.65
MJK0044             ,20.3999996185303,14.1000003814697,2012-01-10,Michelle Berman, SBMNH                            ,NA,NA,NA,NA,NA,NA,NA,NA,NA,NA,NA,NA,NA,NA,NA,2017-09-14 12:51:21.617,Susan.Chivers,2017-09-14 12:51:21.617
MSB0011,52.2000007629395,21.3999996185303,NA,NA,NA,NA,NA,NA,13,14,33,NA,5,8,NA,NA,NA,NA,NA,2017-09-14 12:43:48.66,Susan.Chivers,2017-09-14 12:43:48.66
MSB0012,47.5999984741211,20,NA,NA,NA,NA,NA,NA,13,15,32,NA,6,7,NA,NA,NA,NA,NA,2017-09-14 12:43:48.663,Susan.Chivers,2017-09-14 12:43:48.663
MSB0014,49.2000007629395,19.5,NA,NA,NA,NA,NA,NA,13,14,30,NA,6,7,NA,NA,NA,NA,NA,2017-09-14 12:43:48.667,Susan.Chivers,2017-09-14 12:43:48.667
MSB0015,52.2999992370605,22.5,NA,NA,NA,NA,NA,NA,13,14,31,NA,5,8,NA,NA,NA,NA,NA,2017-09-14 12:43:48.67,Susan.Chivers,2017-09-14 12:43:48.67
MSL0150,NA,NA,NA,NA,NA,NA,NA,7,15,21,34,NA,NA,NA,NA,NA,NA,NA,NA,2017-09-14 12:43:48.673,Susan.Chivers,2017-09-14 12:43:48.673
MSL0267,NA,NA,NA,NA,NA,NA,NA,7,13,17,28,NA,NA,NA,NA,NA,NA,NA,NA,2017-09-14 12:43:48.68,Susan.Chivers,2017-09-14 12:43:48.68
MSL0269,NA,NA,NA,NA,NA,NA,NA,7,13,16,26,NA,NA,NA,NA,NA,NA,NA,NA,2017-09-14 12:43:48.683,Susan.Chivers,2017-09-14 12:43:48.683
MWD0182,NA,NA,NA,NA,NA,NA,NA,NA,15,22,NA,NA,NA,NA,NA,NA,NA,NA,NA,2017-09-14 12:43:48.687,Susan.Chivers,2017-09-14 12:43:48.687
MWD0183,NA,NA,NA,NA,NA,NA,NA,NA,14,20,NA,NA,NA,NA,NA,NA,NA,NA,NA,2017-09-14 12:43:48.69,Susan.Chivers,2017-09-14 12:43:48.69
MXB0015,NA,NA,NA,NA,NA,NA,NA,NA,13,14,32,NA,7,6,NA,NA,NA,NA,NA,2017-09-14 12:43:48.693,Susan.Chivers,2017-09-14 12:43:48.693
MXB0016,NA,NA,NA,NA,NA,NA,NA,7,13,15,32,NA,6,7,NA,NA,NA,NA,NA,2017-09-14 12:43:48.7,Susan.Chivers,2017-09-14 12:43:48.7
MXB0017,NA,NA,NA,NA,NA,NA,NA,NA,13,15,30,NA,6,7,NA,NA,NA,NA,NA,2017-09-14 12:43:48.703,Susan.Chivers,2017-09-14 12:43:48.703
MXB0018,NA,NA,NA,NA,NA,NA,NA,NA,13,14,31,NA,6,7,NA,NA,NA,NA,NA,2017-09-14 12:43:48.707,Susan.Chivers,2017-09-14 12:43:48.707
MZH0004             ,29.6000003814697,18.3999996185303,2011-10-04,Michelle Berman, SBMNH                            ,NA,NA,NA,NA,NA,NA,NA,NA,NA,NA,NA,NA,NA,NA,NA,2017-09-14 12:51:21.62,Susan.Chivers,2017-09-14 12:51:21.62
MZH0022             ,29.3999996185303,17.7999992370605,2011-10-04,Michelle Berman, SBMNH                            ,NA,NA,NA,NA,NA,NA,NA,NA,NA,NA,NA,NA,NA,NA,NA,2017-09-14 12:51:21.627,Susan.Chivers,2017-09-14 12:51:21.627
PAH0009,NA,NA,NA,NA,NA,NA,77,NA,NA,NA,NA,13,NA,NA,NA,NA,NA,NA,NA,2017-09-14 12:43:48.71,Susan.Chivers,2017-09-14 12:43:48.71
PCW0002,NA,NA,NA,NA,NA,NA,NA,7,14,23,34,NA,NA,NA,NA,NA,NA,NA,NA,2017-09-14 12:43:48.713,Susan.Chivers,2017-09-14 12:43:48.713
PEL0307,NA,NA,NA,NA,NA,NA,NA,7,15,21,23,NA,NA,NA,NA,NA,NA,NA,NA,2017-09-14 12:43:48.72,Susan.Chivers,2017-09-14 12:43:48.72
PEL0309,NA,NA,NA,NA,NA,NA,NA,7,16,20,NA,NA,NA,NA,NA,NA,NA,NA,NA,2017-09-14 12:43:48.723,Susan.Chivers,2017-09-14 12:43:48.723
PEL0310,NA,NA,NA,NA,NA,NA,NA,7,16,20,NA,NA,NA,NA,NA,NA,NA,NA,NA,2017-09-14 12:43:48.727,Susan.Chivers,2017-09-14 12:43:48.727
PEL0311,NA,NA,NA,NA,NA,NA,NA,7,15,18,NA,NA,NA,NA,NA,NA,NA,NA,NA,2017-09-14 12:43:48.73,Susan.Chivers,2017-09-14 12:43:48.73
PEL0312,NA,NA,NA,NA,NA,NA,NA,7,15,18,NA,NA,NA,NA,NA,NA,NA,NA,NA,2017-09-14 12:43:48.737,Susan.Chivers,2017-09-14 12:43:48.737
PEL0313,NA,NA,NA,NA,NA,NA,NA,7,15,23,NA,NA,NA,NA,NA,NA,NA,NA,NA,2017-09-14 12:43:48.74,Susan.Chivers,2017-09-14 12:43:48.74
PEL0314,NA,NA,NA,NA,NA,NA,NA,7,15,21,NA,NA,NA,NA,NA,NA,NA,NA,NA,2017-09-14 12:43:48.743,Susan.Chivers,2017-09-14 12:43:48.743
PEL0315,NA,NA,NA,NA,NA,NA,NA,7,15,20,NA,NA,NA,NA,NA,NA,NA,NA,NA,2017-09-14 12:43:48.75,Susan.Chivers,2017-09-14 12:43:48.75
PEL0316,NA,NA,NA,NA,NA,NA,NA,7,15,21,NA,NA,NA,NA,NA,NA,NA,NA,NA,2017-09-14 12:43:48.753,Susan.Chivers,2017-09-14 12:43:48.753
PLT0006,NA,NA,NA,NA,NA,NA,NA,7,15,21,35,NA,NA,NA,NA,NA,NA,NA,NA,2017-09-14 12:43:48.757,Susan.Chivers,2017-09-14 12:43:48.757
RAM0005,NA,NA,NA,NA,NA,NA,NA,7,14,23,36,NA,NA,NA,NA,NA,NA,NA,NA,2017-09-14 12:43:48.76,Susan.Chivers,2017-09-14 12:43:48.76
RAM0006,NA,NA,NA,NA,NA,NA,NA,7,15,21,35,NA,NA,NA,NA,NA,NA,NA,NA,2017-09-14 12:43:48.763,Susan.Chivers,2017-09-14 12:43:48.763
RAM0007,NA,NA,NA,NA,NA,NA,NA,7,15,22,35,NA,NA,NA,NA,NA,NA,NA,NA,2017-09-14 12:43:48.77,Susan.Chivers,2017-09-14 12:43:48.77
RAM0008,NA,NA,NA,NA,NA,NA,NA,7,14,25,35,NA,NA,NA,NA,NA,NA,NA,NA,2017-09-14 12:43:48.773,Susan.Chivers,2017-09-14 12:43:48.773
RAM0009,NA,NA,NA,NA,NA,NA,NA,7,NA,22,35,NA,NA,NA,NA,NA,NA,NA,NA,2017-09-14 12:43:48.777,Susan.Chivers,2017-09-14 12:43:48.777
RAM0010,NA,NA,NA,NA,NA,NA,NA,7,15,23,36,NA,NA,NA,NA,NA,NA,NA,NA,2017-09-14 12:43:48.78,Susan.Chivers,2017-09-14 12:43:48.78
RAM0011,NA,NA,NA,NA,NA,NA,NA,7,15,21,39,NA,NA,NA,NA,NA,NA,NA,NA,2017-09-14 12:43:48.787,Susan.Chivers,2017-09-14 12:43:48.787
RAM0012,NA,NA,NA,NA,NA,NA,NA,7,15,21,36,NA,NA,NA,NA,NA,NA,NA,NA,2017-09-14 12:43:48.79,Susan.Chivers,2017-09-14 12:43:48.79
RAM0013,NA,NA,NA,NA,NA,NA,NA,7,15,23,35,NA,NA,NA,NA,NA,NA,NA,NA,2017-09-14 12:43:48.793,Susan.Chivers,2017-09-14 12:43:48.793
RCR0151,NA,NA,NA,NA,NA,NA,NA,7,13,15,NA,NA,NA,NA,NA,NA,NA,NA,NA,2017-09-14 12:43:48.8,Susan.Chivers,2017-09-14 12:43:48.8
RCR0153,NA,NA,NA,NA,NA,NA,NA,7,12,14,NA,NA,NA,NA,NA,NA,NA,NA,NA,2017-09-14 12:43:48.803,Susan.Chivers,2017-09-14 12:43:48.803
RDS0158,NA,NA,NA,NA,NA,NA,NA,7,14,20,31,NA,NA,NA,NA,NA,NA,NA,NA,2017-09-14 12:43:48.807,Susan.Chivers,2017-09-14 12:43:48.807
RMB0023,NA,NA,NA,NA,NA,NA,NA,7,16,19,37,NA,NA,NA,NA,NA,NA,NA,NA,2017-09-14 12:43:48.81,Susan.Chivers,2017-09-14 12:43:48.81
RMB0024,NA,NA,NA,NA,NA,NA,NA,7,16,21,37,NA,NA,NA,NA,NA,NA,NA,NA,2017-09-14 12:43:48.817,Susan.Chivers,2017-09-14 12:43:48.817
RMB0047,NA,NA,NA,NA,NA,NA,NA,7,16,22,37,NA,NA,NA,NA,NA,NA,NA,NA,2017-09-14 12:43:48.82,Susan.Chivers,2017-09-14 12:43:48.82
RXJ0170,NA,NA,NA,NA,NA,NA,NA,NA,NA,NA,NA,14,NA,NA,NA,NA,NA,NA,NA,2017-09-14 12:43:48.823,Susan.Chivers,2017-09-14 12:43:48.823
SCB0164,NA,NA,NA,NA,NA,NA,NA,NA,NA,NA,NA,15,NA,NA,NA,NA,NA,NA,NA,2017-09-14 12:43:48.827,Susan.Chivers,2017-09-14 12:43:48.827
SJC0012             ,28.6000003814697,18.8999996185303,2012-01-10,Michelle Berman, SBMNH                            ,NA,NA,NA,NA,NA,NA,NA,NA,NA,NA,NA,NA,NA,NA,NA,2017-09-14 12:51:21.63,Susan.Chivers,2017-09-14 12:51:21.63
SKL0102             ,27.2000007629395,17.1000003814697,2012-01-10,Michelle Berman, SBMNH                            ,NA,NA,NA,NA,NA,NA,NA,NA,NA,NA,NA,NA,NA,NA,NA,2017-09-14 12:51:21.637,Susan.Chivers,2017-09-14 12:51:21.637
SKL0103             ,28.3999996185303,18.1000003814697,2012-01-10,Michelle Berman, SBMNH                            ,NA,NA,NA,NA,NA,NA,NA,NA,NA,NA,NA,NA,NA,NA,NA,2017-09-14 12:51:21.64,Susan.Chivers,2017-09-14 12:51:21.64
SRM0043,NA,NA,NA,NA,NA,NA,NA,7,15,NA,36,NA,NA,NA,NA,NA,NA,NA,NA,2017-09-14 12:43:48.83,Susan.Chivers,2017-09-14 12:43:48.83
SRM0044,NA,NA,NA,NA,NA,NA,NA,7,16,20,35,NA,NA,NA,NA,NA,NA,NA,NA,2017-09-14 12:43:48.837,Susan.Chivers,2017-09-14 12:43:48.837
SRM0045,NA,NA,NA,NA,NA,NA,NA,7,16,20,36,NA,NA,NA,NA,NA,NA,NA,NA,2017-09-14 12:43:48.84,Susan.Chivers,2017-09-14 12:43:48.84
SRM0046,NA,NA,NA,NA,NA,NA,NA,7,16,23,34,NA,NA,NA,NA,NA,NA,NA,NA,2017-09-14 12:43:48.843,Susan.Chivers,2017-09-14 12:43:48.843
SRM0047,NA,NA,NA,NA,NA,NA,NA,7,15,19,32,NA,NA,NA,NA,NA,NA,NA,NA,2017-09-14 12:43:48.85,Susan.Chivers,2017-09-14 12:43:48.85
SRM0048,NA,NA,NA,NA,NA,NA,NA,7,15,17,34,NA,NA,NA,NA,NA,NA,NA,NA,2017-09-14 12:43:48.853,Susan.Chivers,2017-09-14 12:43:48.853
SRM0049,NA,NA,NA,NA,NA,NA,NA,7,15,19,33,NA,NA,NA,NA,NA,NA,NA,NA,2017-09-14 12:43:48.857,Susan.Chivers,2017-09-14 12:43:48.857
SRM0050,NA,NA,NA,NA,NA,NA,NA,7,15,18,34,NA,NA,NA,NA,NA,NA,NA,NA,2017-09-14 12:43:48.86,Susan.Chivers,2017-09-14 12:43:48.86
SRM0051,NA,NA,NA,NA,NA,NA,NA,7,15,16,35,NA,NA,NA,NA,NA,NA,NA,NA,2017-09-14 12:43:48.863,Susan.Chivers,2017-09-14 12:43:48.863
SRM0052,NA,NA,NA,NA,NA,NA,NA,7,16,18,33,NA,NA,NA,NA,NA,NA,NA,NA,2017-09-14 12:43:48.87,Susan.Chivers,2017-09-14 12:43:48.87
SRM0053,NA,NA,NA,NA,NA,NA,NA,7,15,18,35,NA,NA,NA,NA,NA,NA,NA,NA,2017-09-14 12:43:48.873,Susan.Chivers,2017-09-14 12:43:48.873
STB0122,NA,NA,NA,NA,NA,NA,NA,7,15,22,NA,NA,NA,NA,NA,NA,NA,NA,NA,2017-09-14 12:43:48.877,Susan.Chivers,2017-09-14 12:43:48.877
STB0126,NA,NA,NA,NA,NA,NA,NA,7,15,21,NA,NA,NA,NA,NA,NA,NA,NA,NA,2017-09-14 12:43:48.88,Susan.Chivers,2017-09-14 12:43:48.88
SW95034             ,29.2999992370605,19.2000007629395,2011-10-04,Michelle Berman, SBMNH                            ,NA,NA,NA,NA,NA,NA,NA,NA,NA,NA,NA,NA,NA,NA,NA,2017-09-14 12:51:21.647,Susan.Chivers,2017-09-14 12:51:21.647
SWC0064             ,22.1000003814697,18.5,2011-10-04,Michelle Berman, SBMNH                            ,NA,NA,NA,NA,NA,NA,NA,NA,NA,NA,NA,NA,NA,NA,NA,2017-09-14 12:51:21.65,Susan.Chivers,2017-09-14 12:51:21.65
SWC0065             ,23.2000007629395,18.6000003814697,2011-10-04,Michelle Berman, SBMNH                            ,NA,NA,NA,NA,NA,NA,NA,NA,NA,NA,NA,NA,NA,NA,NA,2017-09-14 12:51:21.657,Susan.Chivers,2017-09-14 12:51:21.657
SWJ0096,NA,NA,NA,NA,NA,NA,NA,7,15,19,NA,NA,NA,NA,NA,NA,NA,NA,NA,2017-09-14 12:43:48.883,Susan.Chivers,2017-09-14 12:43:48.883
SWJ0097,NA,NA,NA,NA,NA,NA,NA,7,14,21,37,NA,NA,NA,NA,NA,NA,NA,NA,2017-09-14 12:43:48.89,Susan.Chivers,2017-09-14 12:43:48.887
SWJ0098,NA,NA,NA,NA,NA,NA,NA,7,15,20,38,NA,NA,NA,NA,NA,NA,NA,NA,2017-09-14 12:43:48.893,Susan.Chivers,2017-09-14 12:43:48.893
SWJ0099,NA,NA,NA,NA,NA,NA,NA,NA,15,20,NA,NA,NA,NA,NA,NA,NA,NA,NA,2017-09-14 12:43:48.897,Susan.Chivers,2017-09-14 12:43:48.897
TCF0092,NA,NA,NA,NA,NA,NA,NA,NA,16,16,33,NA,NA,NA,NA,NA,NA,NA,NA,2017-09-14 12:43:48.9,Susan.Chivers,2017-09-14 12:43:48.9
TCF0093,NA,NA,NA,NA,NA,NA,NA,NA,14,18,34,NA,NA,NA,NA,NA,NA,NA,NA,2017-09-14 12:43:48.903,Susan.Chivers,2017-09-14 12:43:48.903
TDL0100             ,31.2000007629395,18.1000003814697,2012-01-10,Michelle Berman, SBMNH                            ,NA,NA,NA,NA,NA,NA,NA,NA,NA,NA,NA,NA,NA,NA,NA,2017-09-14 12:51:21.66,Susan.Chivers,2017-09-14 12:51:21.66
TDL0113             ,29.5,19.3999996185303,2012-01-10,Michelle Berman, SBMNH                            ,NA,NA,NA,NA,NA,NA,NA,NA,NA,NA,NA,NA,NA,NA,NA,2017-09-14 12:51:21.667,Susan.Chivers,2017-09-14 12:51:21.667
TDL0145             ,28.2999992370605,16.7000007629395,2012-01-10,Michelle Berman, SBMNH                            ,NA,NA,NA,NA,NA,NA,NA,NA,NA,NA,NA,NA,NA,NA,NA,2017-09-14 12:51:21.67,Susan.Chivers,2017-09-14 12:51:21.67
TDL0170             ,30.5,18.7000007629395,2012-01-10,Michelle Berman, SBMNH                            ,NA,NA,NA,NA,NA,NA,NA,NA,NA,NA,NA,NA,NA,NA,NA,2017-09-14 12:51:21.677,Susan.Chivers,2017-09-14 12:51:21.677
TDL0186             ,12.6000003814697,10.6000003814697,2012-01-10,Michelle Berman, SBMNH                            ,NA,NA,NA,NA,NA,NA,NA,NA,NA,NA,NA,NA,NA,NA,NA,2017-09-14 12:51:21.68,Susan.Chivers,2017-09-14 12:51:21.68
TDL0188             ,20.7000007629395,14.8000001907349,2012-01-10,Michelle Berman, SBMNH                            ,NA,NA,NA,NA,NA,NA,NA,NA,NA,NA,NA,NA,NA,NA,NA,2017-09-14 12:51:21.687,Susan.Chivers,2017-09-14 12:51:21.687
VFC0032,NA,NA,NA,NA,NA,NA,NA,7,15,20,36,NA,NA,NA,NA,NA,NA,NA,NA,2017-09-14 12:43:48.91,Susan.Chivers,2017-09-14 12:43:48.91
WFP0040             ,23.7000007629395,18,2011-10-04,Michelle Berman, SBMNH                            ,NA,NA,NA,NA,NA,NA,NA,NA,NA,NA,NA,NA,NA,NA,NA,2017-09-14 12:51:21.69,Susan.Chivers,2017-09-14 12:51:21.69
WFP0046             ,31.8999996185303,19,2011-10-04,Michelle Berman, SBMNH                            ,NA,NA,NA,NA,NA,NA,NA,NA,NA,NA,NA,NA,NA,NA,NA,2017-09-14 12:51:21.697,Susan.Chivers,2017-09-14 12:51:21.697
WFP0246             ,26.3999996185303,18.6000003814697,2011-10-04,Michelle Berman, SBMNH                            ,NA,NA,NA,NA,NA,NA,NA,NA,NA,NA,NA,NA,NA,NA,NA,2017-09-14 12:51:21.7,Susan.Chivers,2017-09-14 12:51:21.7
WFP0264             ,24.7999992370605,18.7000007629395,2011-10-04,Michelle Berman, SBMNH                            ,NA,NA,NA,NA,NA,NA,NA,NA,NA,NA,NA,NA,NA,NA,NA,2017-09-14 12:51:21.707,Susan.Chivers,2017-09-14 12:51:21.707
WFP0473             ,25,18,2011-10-04,Michelle Berman, SBMNH                            ,NA,NA,NA,NA,NA,NA,NA,NA,NA,NA,NA,NA,NA,NA,NA,2017-09-14 12:51:21.71,Susan.Chivers,2017-09-14 12:51:21.71
WFP0508             ,24.1000003814697,18.1000003814697,2011-10-04,Michelle Berman, SBMNH                            ,NA,NA,NA,NA,NA,NA,NA,NA,NA,NA,NA,NA,NA,NA,NA,2017-09-14 12:51:21.717,Susan.Chivers,2017-09-14 12:51:21.717
WFP0512             ,24.5,18.2999992370605,2011-10-04,Michelle Berman, SBMNH                            ,NA,NA,NA,NA,NA,NA,NA,NA,NA,NA,NA,NA,NA,NA,NA,2017-09-14 12:51:21.72,Susan.Chivers,2017-09-14 12:51:21.72
WFP0517             ,25.5,18.5,2011-10-04,Michelle Berman, SBMNH                            ,NA,NA,NA,NA,NA,NA,NA,NA,NA,NA,NA,NA,NA,NA,NA,2017-09-14 12:51:21.727,Susan.Chivers,2017-09-14 12:51:21.727
WFP0519             ,25.2000007629395,18.3999996185303,2011-10-04,Michelle Berman, SBMNH                            ,NA,NA,NA,NA,NA,NA,NA,NA,NA,NA,NA,NA,NA,NA,NA,2017-09-14 12:51:21.73,Susan.Chivers,2017-09-14 12:51:21.73
WFP0552             ,25.2999992370605,18.5,2011-10-04,Michelle Berman, SBMNH                            ,NA,NA,NA,NA,NA,NA,NA,NA,NA,NA,NA,NA,NA,NA,NA,2017-09-14 12:51:21.737,Susan.Chivers,2017-09-14 12:51:21.737
WFP0553,NA,NA,NA,NA,114.300003051758,NA,NA,NA,NA,NA,NA,NA,NA,NA,NA,NA,NA,NA,NA,2017-09-14 12:43:48.913,Susan.Chivers,2017-09-14 12:43:48.913
WFP0554,NA,NA,NA,NA,NA,NA,NA,7,33,24,8,NA,NA,NA,NA,NA,NA,NA,NA,2017-09-14 12:43:48.917,Susan.Chivers,2017-09-14 12:43:48.917
WFP0565,NA,NA,NA,NA,NA,NA,NA,5,12,18,29,NA,NA,NA,NA,NA,NA,NA,NA,2017-09-14 12:43:48.92,Susan.Chivers,2017-09-14 12:43:48.92
WFP0579,NA,NA,NA,NA,NA,NA,NA,7,14,20,NA,NA,NA,NA,NA,NA,NA,NA,NA,2017-09-14 12:43:48.927,Susan.Chivers,2017-09-14 12:43:48.927
WFP0583,NA,NA,NA,NA,NA,NA,NA,7,16,20,NA,NA,NA,NA,NA,NA,NA,NA,NA,2017-09-14 12:43:48.93,Susan.Chivers,2017-09-14 12:43:48.93
WFP0595,NA,NA,NA,NA,NA,NA,NA,7,14,22,NA,NA,NA,NA,NA,NA,NA,NA,NA,2017-09-14 12:43:48.933,Susan.Chivers,2017-09-14 12:43:48.933
WFP0598,NA,NA,NA,NA,NA,NA,NA,NA,13,10,NA,NA,NA,NA,NA,NA,NA,NA,NA,2017-09-14 12:43:48.94,Susan.Chivers,2017-09-14 12:43:48.94
WFP0599,NA,NA,NA,NA,NA,NA,NA,7,11,12,NA,NA,NA,NA,NA,NA,NA,NA,NA,2017-09-14 12:43:48.943,Susan.Chivers,2017-09-14 12:43:48.943
WFP0610,NA,NA,NA,NA,NA,NA,NA,7,14,22,34,NA,NA,NA,NA,NA,NA,NA,NA,2017-09-14 12:43:48.947,Susan.Chivers,2017-09-14 12:43:48.947
WFP0681,NA,NA,NA,NA,NA,NA,NA,7,15,20,35,NA,NA,NA,NA,NA,NA,NA,NA,2017-09-14 12:43:48.95,Susan.Chivers,2017-09-14 12:43:48.95
WFP0682,NA,NA,NA,NA,NA,NA,NA,7,16,19,36,NA,NA,NA,NA,NA,NA,NA,NA,2017-09-14 12:43:48.953,Susan.Chivers,2017-09-14 12:43:48.953
WSL0005,NA,NA,NA,NA,NA,NA,NA,7,16,21,35,NA,NA,NA,NA,NA,NA,NA,NA,2017-09-14 12:43:48.96,Susan.Chivers,2017-09-14 12:43:48.96
WSL0007,NA,NA,NA,NA,NA,NA,NA,NA,15,18,32,NA,NA,NA,NA,NA,NA,NA,NA,2017-09-14 12:43:48.963,Susan.Chivers,2017-09-14 12:43:48.963
WSL0008,NA,NA,NA,NA,NA,NA,NA,7,15,19,37,NA,NA,NA,NA,NA,NA,NA,NA,2017-09-14 12:43:48.967,Susan.Chivers,2017-09-14 12:43:48.967
WSL0013,NA,NA,NA,NA,NA,NA,NA,7,16,20,34,NA,NA,NA,NA,NA,NA,NA,NA,2017-09-14 12:43:48.97,Susan.Chivers,2017-09-14 12:43:48.97
WSL0014,NA,NA,NA,NA,NA,NA,NA,NA,NA,NA,38,NA,NA,NA,NA,NA,NA,NA,NA,2017-09-14 12:43:48.977,Susan.Chivers,2017-09-14 12:43:48.977
WSL0015,NA,NA,NA,NA,NA,NA,NA,7,14,21,35,NA,NA,NA,NA,NA,NA,NA,NA,2017-09-14 12:43:48.98,Susan.Chivers,2017-09-14 12:43:48.98
WSL0016,NA,NA,NA,NA,NA,NA,NA,7,17,19,37,NA,NA,NA,NA,NA,NA,NA,NA,2017-09-14 12:43:48.983,Susan.Chivers,2017-09-14 12:43:48.983
WSL0017,NA,NA,NA,NA,NA,NA,NA,7,15,19,39,NA,NA,NA,NA,NA,NA,NA,NA,2017-09-14 12:43:48.987,Susan.Chivers,2017-09-14 12:43:48.987
WSL0018,NA,NA,NA,NA,NA,NA,NA,NA,16,19,37,NA,NA,NA,NA,NA,NA,NA,NA,2017-09-14 12:43:48.99,Susan.Chivers,2017-09-14 12:43:48.99
WTN0006             ,28.2999992370605,18.1000003814697,2011-10-04,Michelle Berman, SBMNH                            ,NA,NA,NA,NA,NA,NA,NA,NA,NA,NA,NA,NA,NA,NA,NA,2017-09-14 12:51:21.743,Susan.Chivers,2017-09-14 12:51:21.74
WTN0009             ,28.5,17.5,2011-10-04,Michelle Berman, SBMNH                            ,NA,NA,NA,NA,NA,NA,NA,NA,NA,NA,NA,NA,NA,NA,NA,2017-09-14 12:51:21.747,Susan.Chivers,2017-09-14 12:51:21.747
WXC0084,NA,NA,NA,NA,NA,NA,NA,64,NA,NA,NA,NA,13,NA,NA,NA,NA,NA,NA,2017-09-14 12:43:48.997,Susan.Chivers,2017-09-14 12:43:48.997
